Real Date,Bytes,X,Y,Last Seen,Associated,Test Point,Traffic,RMSE
2022-09-05 15:29:00,9774,131.1,0.0,2022-09-05T15:28:59.879+0100,True,18,No,58.56998510827879
2022-09-05 15:29:01,5500,131.1,0.0,2022-09-05T15:28:59.879+0100,True,18,No,58.56998510827879
2022-09-05 15:29:02,9670,131.1,0.0,2022-09-05T15:29:01.981+0100,True,18,No,58.56998510827879
2022-09-05 15:29:03,5500,131.1,0.0,2022-09-05T15:29:01.981+0100,True,18,No,58.56998510827879
2022-09-05 15:29:04,9670,131.1,0.0,2022-09-05T15:29:03.987+0100,True,18,No,58.56998510827879
2022-09-05 15:29:05,5589,131.1,0.0,2022-09-05T15:29:03.987+0100,True,18,No,58.56998510827879
2022-09-05 15:29:06,9722,131.1,0.0,2022-09-05T15:29:06.117+0100,True,18,No,58.56998510827879
2022-09-05 15:29:07,5500,131.1,0.0,2022-09-05T15:29:06.117+0100,True,18,No,58.56998510827879
2022-09-05 15:29:08,5500,131.1,0.0,2022-09-05T15:29:06.117+0100,True,18,No,58.56998510827879
2022-09-05 15:29:09,9618,131.1,0.0,2022-09-05T15:29:08.222+0100,True,18,No,58.56998510827879
2022-09-05 15:29:10,8741,131.1,0.0,2022-09-05T15:29:10.258+0100,True,18,No,58.56998510827879
2022-09-05 15:29:11,5552,131.1,0.0,2022-09-05T15:29:10.258+0100,True,18,No,58.56998510827879
2022-09-05 15:29:12,5500,131.1,0.0,2022-09-05T15:29:10.258+0100,True,18,No,58.56998510827879
2022-09-05 15:29:13,8637,131.1,0.0,2022-09-05T15:29:12.311+0100,True,18,No,58.56998510827879
2022-09-05 15:29:14,5448,131.1,0.0,2022-09-05T15:29:12.311+0100,True,18,No,58.56998510827879
2022-09-05 15:29:15,8793,131.1,0.0,2022-09-05T15:29:14.408+0100,True,18,No,58.56998510827879
2022-09-05 15:29:16,5552,131.1,0.0,2022-09-05T15:29:14.408+0100,True,18,No,58.56998510827879
2022-09-05 15:29:17,8741,131.1,0.0,2022-09-05T15:29:16.407+0100,True,18,No,58.56998510827879
2022-09-05 15:29:18,5448,131.1,0.0,2022-09-05T15:29:16.407+0100,True,18,No,58.56998510827879
2022-09-05 15:29:19,8689,131.1,0.0,2022-09-05T15:29:18.409+0100,True,18,No,58.56998510827879
2022-09-05 15:29:20,5500,131.1,0.0,2022-09-05T15:29:18.409+0100,True,18,No,58.56998510827879
2022-09-05 15:29:21,8741,131.1,0.0,2022-09-05T15:29:20.417+0100,True,18,No,58.56998510827879
2022-09-05 15:29:22,5500,131.1,0.0,2022-09-05T15:29:20.417+0100,True,18,No,58.56998510827879
2022-09-05 15:29:23,8689,131.1,0.0,2022-09-05T15:29:22.411+0100,True,18,No,58.56998510827879
2022-09-05 15:29:24,5448,131.1,0.0,2022-09-05T15:29:22.411+0100,True,18,No,58.56998510827879
2022-09-05 15:29:25,8830,131.1,0.0,2022-09-05T15:29:24.413+0100,True,18,No,58.56998510827879
2022-09-05 15:29:26,5760,131.1,0.0,2022-09-05T15:29:24.413+0100,True,18,No,58.56998510827879
2022-09-05 15:29:27,8741,131.1,0.0,2022-09-05T15:29:26.503+0100,True,18,No,58.56998510827879
2022-09-05 15:29:28,5448,131.1,0.0,2022-09-05T15:29:26.503+0100,True,18,No,58.56998510827879
2022-09-05 15:29:29,8689,131.1,0.0,2022-09-05T15:29:28.514+0100,True,18,No,58.56998510827879
2022-09-05 15:29:30,5552,131.1,0.0,2022-09-05T15:29:28.514+0100,True,18,No,58.56998510827879
2022-09-05 15:29:31,8741,131.1,0.0,2022-09-05T15:29:30.564+0100,True,18,No,58.56998510827879
2022-09-05 15:29:32,5313,131.1,0.0,2022-09-05T15:29:30.564+0100,True,18,No,58.56998510827879
2022-09-05 15:29:33,8876,131.1,0.0,2022-09-05T15:29:32.600+0100,True,18,No,58.56998510827879
2022-09-05 15:29:34,5448,131.1,0.0,2022-09-05T15:29:32.600+0100,True,18,No,58.56998510827879
2022-09-05 15:29:35,8554,131.1,0.0,2022-09-05T15:29:34.662+0100,True,18,No,58.56998510827879
2022-09-05 15:29:36,5739,131.1,0.0,2022-09-05T15:29:34.662+0100,True,18,No,58.56998510827879
2022-09-05 15:29:37,8741,131.1,0.0,2022-09-05T15:29:36.671+0100,True,18,No,58.56998510827879
2022-09-05 15:29:38,5500,131.1,0.0,2022-09-05T15:29:36.671+0100,True,18,No,58.56998510827879
2022-09-05 15:29:39,8689,131.1,0.0,2022-09-05T15:29:38.712+0100,True,18,No,58.56998510827879
2022-09-05 15:29:40,5500,131.1,0.0,2022-09-05T15:29:38.712+0100,True,18,No,58.56998510827879
2022-09-05 15:29:41,8554,131.1,0.0,2022-09-05T15:29:40.754+0100,True,18,No,58.56998510827879
2022-09-05 15:29:42,5365,131.1,0.0,2022-09-05T15:29:40.754+0100,True,18,No,58.56998510827879
2022-09-05 15:29:43,8897,131.1,0.0,2022-09-05T15:29:42.741+0100,True,18,No,58.56998510827879
2022-09-05 15:29:44,5537,131.1,0.0,2022-09-05T15:29:42.741+0100,True,18,No,58.56998510827879
2022-09-05 15:29:45,8741,131.1,0.0,2022-09-05T15:29:44.740+0100,True,18,No,58.56998510827879
2022-09-05 15:29:46,5552,131.1,0.0,2022-09-05T15:29:44.740+0100,True,18,No,58.56998510827879
2022-09-05 15:29:47,8741,131.1,0.0,2022-09-05T15:29:46.740+0100,True,18,No,58.56998510827879
2022-09-05 15:29:48,5500,131.1,0.0,2022-09-05T15:29:46.740+0100,True,18,No,58.56998510827879
2022-09-05 15:29:49,8689,131.1,0.0,2022-09-05T15:29:48.747+0100,True,18,No,58.56998510827879
2022-09-05 15:29:51,5552,131.1,0.0,2022-09-05T15:29:48.747+0100,True,18,No,58.56998510827879
2022-09-05 15:29:52,8741,131.1,0.0,2022-09-05T15:29:50.743+0100,True,18,No,58.56998510827879
2022-09-05 15:29:52,5500,131.1,0.0,2022-09-05T15:29:50.743+0100,True,18,No,58.56998510827879
2022-09-05 15:29:53,8741,131.1,0.0,2022-09-05T15:29:52.743+0100,True,18,No,58.56998510827879
2022-09-05 15:29:54,5396,131.1,0.0,2022-09-05T15:29:52.743+0100,True,18,No,58.56998510827879
2022-09-05 15:29:55,8741,131.1,0.0,2022-09-05T15:29:54.744+0100,True,18,No,58.56998510827879
2022-09-05 15:29:56,5500,131.1,0.0,2022-09-05T15:29:54.744+0100,True,18,No,58.56998510827879
2022-09-05 15:29:57,8741,131.1,0.0,2022-09-05T15:29:56.786+0100,True,18,No,58.56998510827879
2022-09-05 15:29:58,5448,131.1,0.0,2022-09-05T15:29:56.786+0100,True,18,No,58.56998510827879
2022-09-05 15:29:59,8689,131.1,0.0,2022-09-05T15:29:58.873+0100,True,18,No,58.56998510827879
2022-09-05 15:30:00,5448,131.1,0.0,2022-09-05T15:29:58.873+0100,True,18,No,58.56998510827879
2022-09-05 15:30:02,8741,131.1,0.0,2022-09-05T15:30:00.875+0100,True,18,No,58.56998510827879
2022-09-05 15:30:02,5552,131.1,0.0,2022-09-05T15:30:00.875+0100,True,18,No,58.56998510827879
2022-09-05 15:30:03,8689,131.1,0.0,2022-09-05T15:30:02.896+0100,True,18,No,58.56998510827879
2022-09-05 15:30:05,5589,131.1,0.0,2022-09-05T15:30:02.896+0100,True,18,No,58.56998510827879
2022-09-05 15:30:05,8793,131.1,0.0,2022-09-05T15:30:04.968+0100,True,18,No,58.56998510827879
2022-09-05 15:30:06,5552,131.1,0.0,2022-09-05T15:30:04.968+0100,True,18,No,58.56998510827879
2022-09-05 15:30:07,8689,131.1,0.0,2022-09-05T15:30:07.018+0100,True,18,No,58.56998510827879
2022-09-05 15:30:08,5448,131.1,0.0,2022-09-05T15:30:07.018+0100,True,18,No,58.56998510827879
2022-09-05 15:30:09,8792,131.1,0.0,2022-09-05T15:30:09.036+0100,True,18,No,58.56998510827879
2022-09-05 15:30:10,5552,131.1,0.0,2022-09-05T15:30:09.036+0100,True,18,No,58.56998510827879
2022-09-05 15:30:12,8793,131.1,0.0,2022-09-05T15:30:11.116+0100,True,18,No,58.56998510827879
2022-09-05 15:30:12,5448,131.1,0.0,2022-09-05T15:30:11.116+0100,True,18,No,58.56998510827879
2022-09-05 15:30:13,8689,131.1,0.0,2022-09-05T15:30:13.121+0100,True,18,No,58.56998510827879
2022-09-05 15:30:14,5500,131.1,0.0,2022-09-05T15:30:13.121+0100,True,18,No,58.56998510827879
2022-09-05 15:30:15,8741,131.1,0.0,2022-09-05T15:30:15.241+0100,True,18,No,58.56998510827879
2022-09-05 15:30:17,5500,131.1,0.0,2022-09-05T15:30:15.241+0100,True,18,No,58.56998510827879
2022-09-05 15:30:17,5448,131.1,0.0,2022-09-05T15:30:15.241+0100,True,18,No,58.56998510827879
2022-09-05 15:30:19,8741,131.1,0.0,2022-09-05T15:30:17.346+0100,True,18,No,58.56998510827879
2022-09-05 15:30:19,8741,131.1,0.0,2022-09-05T15:30:19.343+0100,True,18,No,58.56998510827879
2022-09-05 15:30:20,5396,131.1,0.0,2022-09-05T15:30:19.343+0100,True,18,No,58.56998510827879
2022-09-05 15:30:21,5500,131.1,0.0,2022-09-05T15:30:19.343+0100,True,18,No,58.56998510827879
2022-09-05 15:30:22,8689,131.1,0.0,2022-09-05T15:30:21.370+0100,True,18,No,58.56998510827879
2022-09-05 15:30:23,5500,131.1,0.0,2022-09-05T15:30:21.370+0100,True,18,No,58.56998510827879
2022-09-05 15:30:24,8830,131.1,0.0,2022-09-05T15:30:23.400+0100,True,18,No,58.56998510827879
2022-09-05 15:30:25,5448,131.1,0.0,2022-09-05T15:30:23.400+0100,True,18,No,58.56998510827879
2022-09-05 15:30:26,9001,131.1,0.0,2022-09-05T15:30:25.484+0100,True,18,No,58.56998510827879
2022-09-05 15:30:27,5448,131.1,0.0,2022-09-05T15:30:25.484+0100,True,18,No,58.56998510827879
2022-09-05 15:30:28,8741,131.1,0.0,2022-09-05T15:30:27.492+0100,True,18,No,58.56998510827879
2022-09-05 15:30:29,5573,131.1,0.0,2022-09-05T15:30:27.492+0100,True,18,No,58.56998510827879
2022-09-05 15:30:30,8689,131.1,0.0,2022-09-05T15:30:29.691+0100,True,18,No,58.56998510827879
2022-09-05 15:30:32,5500,131.1,0.0,2022-09-05T15:30:29.691+0100,True,18,No,58.56998510827879
2022-09-05 15:30:33,8741,131.1,0.0,2022-09-05T15:30:31.710+0100,True,18,No,58.56998510827879
2022-09-05 15:30:33,5448,131.1,0.0,2022-09-05T15:30:31.710+0100,True,18,No,58.56998510827879
2022-09-05 15:30:34,8849,131.1,0.0,2022-09-05T15:30:33.740+0100,True,18,No,58.56998510827879
2022-09-05 15:30:35,5448,131.1,0.0,2022-09-05T15:30:33.740+0100,True,18,No,58.56998510827879
2022-09-05 15:30:37,8793,131.1,0.0,2022-09-05T15:30:35.768+0100,True,18,No,58.56998510827879
2022-09-05 15:30:37,5500,131.1,0.0,2022-09-05T15:30:35.768+0100,True,18,No,58.56998510827879
2022-09-05 15:30:38,8741,131.1,0.0,2022-09-05T15:30:37.775+0100,True,18,No,58.56998510827879
2022-09-05 15:30:39,5448,131.1,0.0,2022-09-05T15:30:37.775+0100,True,18,No,58.56998510827879
2022-09-05 15:30:40,8689,131.1,0.0,2022-09-05T15:30:39.771+0100,True,18,No,58.56998510827879
2022-09-05 15:30:42,5552,131.1,0.0,2022-09-05T15:30:39.771+0100,True,18,No,58.56998510827879
2022-09-05 15:30:42,8689,131.1,0.0,2022-09-05T15:30:41.774+0100,True,18,No,58.56998510827879
2022-09-05 15:30:43,5500,131.1,0.0,2022-09-05T15:30:41.774+0100,True,18,No,58.56998510827879
2022-09-05 15:30:45,8778,131.1,0.0,2022-09-05T15:30:43.774+0100,True,18,No,58.56998510827879
2022-09-05 15:30:45,5448,131.1,0.0,2022-09-05T15:30:43.774+0100,True,18,No,58.56998510827879
2022-09-05 15:30:46,8741,131.1,0.0,2022-09-05T15:30:45.880+0100,True,18,No,58.56998510827879
2022-09-05 15:30:48,5500,131.1,0.0,2022-09-05T15:30:45.880+0100,True,18,No,58.56998510827879
2022-09-05 15:30:48,8689,131.1,0.0,2022-09-05T15:30:47.932+0100,True,18,No,58.56998510827879
2022-09-05 15:30:49,5500,131.1,0.0,2022-09-05T15:30:47.932+0100,True,18,No,58.56998510827879
2022-09-05 15:30:51,8689,131.1,0.0,2022-09-05T15:30:49.931+0100,True,18,No,58.56998510827879
2022-09-05 15:30:52,5500,131.1,0.0,2022-09-05T15:30:49.931+0100,True,18,No,58.56998510827879
2022-09-05 15:30:53,8793,131.1,0.0,2022-09-05T15:30:51.976+0100,True,18,No,58.56998510827879
2022-09-05 15:30:53,5448,131.1,0.0,2022-09-05T15:30:51.976+0100,True,18,No,58.56998510827879
2022-09-05 15:30:55,8741,131.1,0.0,2022-09-05T15:30:54.045+0100,True,18,No,58.56998510827879
2022-09-05 15:30:57,9053,131.1,0.0,2022-09-05T15:30:56.051+0100,True,18,No,58.56998510827879
2022-09-05 15:30:57,8793,131.1,0.0,2022-09-05T15:30:56.051+0100,True,18,No,58.56998510827879
2022-09-05 15:30:57,5500,131.1,0.0,2022-09-05T15:30:56.051+0100,True,18,No,58.56998510827879
2022-09-05 15:30:59,8637,131.1,0.0,2022-09-05T15:30:58.149+0100,True,18,No,58.56998510827879
2022-09-05 15:31:00,5552,131.1,0.0,2022-09-05T15:30:58.149+0100,True,18,No,58.56998510827879
2022-09-05 15:31:01,8689,131.1,0.0,2022-09-05T15:31:00.161+0100,True,18,No,58.56998510827879
2022-09-05 15:31:02,5552,131.1,0.0,2022-09-05T15:31:00.161+0100,True,18,No,58.56998510827879
2022-09-05 15:31:03,8637,131.1,0.0,2022-09-05T15:31:02.195+0100,True,18,No,58.56998510827879
2022-09-05 15:31:04,5448,131.1,0.0,2022-09-05T15:31:02.195+0100,True,18,No,58.56998510827879
2022-09-05 15:31:05,8830,131.1,0.0,2022-09-05T15:31:04.231+0100,True,18,No,58.56998510827879
2022-09-05 15:31:06,5448,131.1,0.0,2022-09-05T15:31:04.231+0100,True,18,No,58.56998510827879
2022-09-05 15:31:07,8741,131.1,0.0,2022-09-05T15:31:06.310+0100,True,18,No,58.56998510827879
2022-09-05 15:31:08,5448,131.1,0.0,2022-09-05T15:31:06.310+0100,True,18,No,58.56998510827879
2022-09-05 15:31:09,8689,131.1,0.0,2022-09-05T15:31:08.310+0100,True,18,No,58.56998510827879
2022-09-05 15:31:10,5500,131.1,0.0,2022-09-05T15:31:08.310+0100,True,18,No,58.56998510827879
2022-09-05 15:31:11,8689,131.1,0.0,2022-09-05T15:31:10.326+0100,True,18,No,58.56998510827879
2022-09-05 15:31:12,5448,131.1,0.0,2022-09-05T15:31:10.326+0100,True,18,No,58.56998510827879
2022-09-05 15:31:13,8741,131.1,0.0,2022-09-05T15:31:12.392+0100,True,18,No,58.56998510827879
2022-09-05 15:31:14,5500,131.1,0.0,2022-09-05T15:31:12.392+0100,True,18,No,58.56998510827879
2022-09-05 15:31:15,5500,131.1,0.0,2022-09-05T15:31:12.392+0100,True,18,No,58.56998510827879
2022-09-05 15:31:16,8689,131.1,0.0,2022-09-05T15:31:14.454+0100,True,18,No,58.56998510827879
2022-09-05 15:31:17,8689,131.1,0.0,2022-09-05T15:31:16.459+0100,True,18,No,58.56998510827879
2022-09-05 15:31:18,5500,131.1,0.0,2022-09-05T15:31:16.459+0100,True,18,No,58.56998510827879
2022-09-05 15:31:19,5500,131.1,0.0,2022-09-05T15:31:16.459+0100,True,18,No,58.56998510827879
2022-09-05 15:31:20,8741,131.1,0.0,2022-09-05T15:31:18.477+0100,True,18,No,58.56998510827879
2022-09-05 15:31:21,8741,131.1,0.0,2022-09-05T15:31:20.536+0100,True,18,No,58.56998510827879
2022-09-05 15:31:22,5500,131.1,0.0,2022-09-05T15:31:20.536+0100,True,18,No,58.56998510827879
2022-09-05 15:31:23,5448,131.1,0.0,2022-09-05T15:31:20.536+0100,True,18,No,58.56998510827879
2022-09-05 15:31:24,8741,131.1,0.0,2022-09-05T15:31:22.605+0100,True,18,No,58.56998510827879
2022-09-05 15:31:25,5589,131.1,0.0,2022-09-05T15:31:22.605+0100,True,18,No,58.56998510827879
2022-09-05 15:31:26,8741,131.1,0.0,2022-09-05T15:31:24.610+0100,True,18,No,58.56998510827879
2022-09-05 15:31:27,5500,131.1,0.0,2022-09-05T15:31:24.610+0100,True,18,No,58.56998510827879
2022-09-05 15:31:28,8689,131.1,0.0,2022-09-05T15:31:26.651+0100,True,18,No,58.56998510827879
2022-09-05 15:31:29,5500,131.1,0.0,2022-09-05T15:31:26.651+0100,True,18,No,58.56998510827879
2022-09-05 15:31:30,8741,131.1,0.0,2022-09-05T15:31:28.678+0100,True,18,No,58.56998510827879
2022-09-05 15:31:31,5448,131.1,0.0,2022-09-05T15:31:28.678+0100,True,18,No,58.56998510827879
2022-09-05 15:31:32,8741,131.1,0.0,2022-09-05T15:31:30.754+0100,True,18,No,58.56998510827879
2022-09-05 15:31:33,5448,131.1,0.0,2022-09-05T15:31:30.754+0100,True,18,No,58.56998510827879
2022-09-05 15:31:34,8741,131.1,0.0,2022-09-05T15:31:32.758+0100,True,18,No,58.56998510827879
2022-09-05 15:31:35,5552,131.1,0.0,2022-09-05T15:31:32.758+0100,True,18,No,58.56998510827879
2022-09-05 15:31:36,8689,131.1,0.0,2022-09-05T15:31:34.799+0100,True,18,No,58.56998510827879
2022-09-05 15:31:37,5448,131.1,0.0,2022-09-05T15:31:34.799+0100,True,18,No,58.56998510827879
2022-09-05 15:31:38,8741,131.1,0.0,2022-09-05T15:31:36.866+0100,True,18,No,58.56998510827879
2022-09-05 15:31:39,5500,131.1,0.0,2022-09-05T15:31:36.866+0100,True,18,No,58.56998510827879
2022-09-05 15:31:40,8741,131.1,0.0,2022-09-05T15:31:39.262+0100,True,18,No,58.56998510827879
2022-09-05 15:31:41,5500,131.1,0.0,2022-09-05T15:31:39.262+0100,True,18,No,58.56998510827879
2022-09-05 15:31:42,8689,131.1,0.0,2022-09-05T15:31:41.342+0100,True,18,No,58.56998510827879
2022-09-05 15:31:43,5500,131.1,0.0,2022-09-05T15:31:41.342+0100,True,18,No,58.56998510827879
2022-09-05 15:31:44,8689,131.1,0.0,2022-09-05T15:31:43.344+0100,True,18,No,58.56998510827879
2022-09-05 15:31:45,5766,131.1,0.0,2022-09-05T15:31:43.344+0100,True,18,No,58.56998510827879
2022-09-05 15:31:46,8845,131.1,0.0,2022-09-05T15:31:45.366+0100,True,18,No,58.56998510827879
2022-09-05 15:31:47,5448,131.1,0.0,2022-09-05T15:31:45.366+0100,True,18,No,58.56998510827879
2022-09-05 15:31:48,8648,112.16559,7.0583916,2022-09-05T15:31:47.419+0100,True,18,No,38.54155312738637
2022-09-05 15:31:49,5500,112.16559,7.0583916,2022-09-05T15:31:47.419+0100,True,18,No,38.54155312738637
2022-09-05 15:31:50,8803,97.417496,13.52956,2022-09-05T15:31:49.488+0100,True,18,No,22.595774793586873
2022-09-05 15:31:51,5500,97.417496,13.52956,2022-09-05T15:31:49.488+0100,True,18,No,22.595774793586873
2022-09-05 15:31:52,8564,93.83218,14.178696,2022-09-05T15:31:51.490+0100,True,18,No,19.32372300942486
2022-09-05 15:31:53,5448,93.83218,14.178696,2022-09-05T15:31:51.490+0100,True,18,No,19.32372300942486
2022-09-05 15:31:54,8751,89.89221,15.748688,2022-09-05T15:31:53.509+0100,True,18,No,15.315903338540762
2022-09-05 15:31:55,5500,89.89221,15.748688,2022-09-05T15:31:53.509+0100,True,18,No,15.315903338540762
2022-09-05 15:31:56,8803,88.71006,17.087065,2022-09-05T15:31:55.528+0100,True,18,No,13.538766034208026
2022-09-05 15:31:57,5812,88.71006,17.087065,2022-09-05T15:31:55.528+0100,True,18,No,13.538766034208026
2022-09-05 15:31:58,5500,88.71006,17.087065,2022-09-05T15:31:55.528+0100,True,18,No,13.538766034208026
2022-09-05 15:31:59,8700,92.302765,15.750292,2022-09-05T15:31:57.634+0100,True,18,No,17.149905397558573
2022-09-05 15:32:00,5500,92.302765,15.750292,2022-09-05T15:31:57.634+0100,True,18,No,17.149905397558573
2022-09-05 15:32:01,8752,100.69116,12.223637,2022-09-05T15:31:59.638+0100,True,18,No,26.047903136814845
2022-09-05 15:32:02,5448,100.69116,12.223637,2022-09-05T15:31:59.638+0100,True,18,No,26.047903136814845
2022-09-05 15:32:03,8751,104.10884,11.43953,2022-09-05T15:32:01.644+0100,True,18,No,29.373845520096612
2022-09-05 15:32:04,5500,104.10884,11.43953,2022-09-05T15:32:01.644+0100,True,18,No,29.373845520096612
2022-09-05 15:32:05,8840,108.48796,9.887218,2022-09-05T15:32:03.640+0100,True,18,No,33.9494463950151
2022-09-05 15:32:06,5500,108.48796,9.887218,2022-09-05T15:32:03.640+0100,True,18,No,33.9494463950151
2022-09-05 15:32:07,8752,116.77875,6.168696,2022-09-05T15:32:05.641+0100,True,18,No,43.01233982164509
2022-09-05 15:32:08,5448,116.77875,6.168696,2022-09-05T15:32:05.641+0100,True,18,No,43.01233982164509
2022-09-05 15:32:09,8700,122.98432,2.974697,2022-09-05T15:32:07.643+0100,True,18,No,49.99132673392584
2022-09-05 15:32:10,5656,122.98432,2.974697,2022-09-05T15:32:07.643+0100,True,18,No,49.99132673392584
2022-09-05 15:32:11,8970,131.1,0.0,2022-09-05T15:32:09.653+0100,True,18,No,58.56998510827879
2022-09-05 15:32:12,5448,131.1,0.0,2022-09-05T15:32:09.653+0100,True,18,No,58.56998510827879
2022-09-05 15:32:13,8741,131.1,0.0,2022-09-05T15:32:11.651+0100,True,18,No,58.56998510827879
2022-09-05 15:32:14,5500,131.1,0.0,2022-09-05T15:32:11.651+0100,True,18,No,58.56998510827879
2022-09-05 15:32:15,8741,131.1,0.0,2022-09-05T15:32:13.694+0100,True,18,No,58.56998510827879
2022-09-05 15:32:16,5500,131.1,0.0,2022-09-05T15:32:13.694+0100,True,18,No,58.56998510827879
2022-09-05 15:32:17,8741,131.1,0.0,2022-09-05T15:32:15.723+0100,True,18,No,58.56998510827879
2022-09-05 15:32:18,5500,131.1,0.0,2022-09-05T15:32:15.723+0100,True,18,No,58.56998510827879
2022-09-05 15:32:19,8689,131.1,0.0,2022-09-05T15:32:17.799+0100,True,18,No,58.56998510827879
2022-09-05 15:32:20,5448,131.1,0.0,2022-09-05T15:32:17.799+0100,True,18,No,58.56998510827879
2022-09-05 15:32:21,8741,131.1,0.0,2022-09-05T15:32:19.853+0100,True,18,No,58.56998510827879
2022-09-05 15:32:22,5500,131.1,0.0,2022-09-05T15:32:19.853+0100,True,18,No,58.56998510827879
2022-09-05 15:32:23,8689,131.1,0.0,2022-09-05T15:32:21.874+0100,True,18,No,58.56998510827879
2022-09-05 15:32:24,5448,131.1,0.0,2022-09-05T15:32:21.874+0100,True,18,No,58.56998510827879
2022-09-05 15:32:25,8882,131.1,0.0,2022-09-05T15:32:23.937+0100,True,18,No,58.56998510827879
2022-09-05 15:32:26,5552,131.1,0.0,2022-09-05T15:32:23.937+0100,True,18,No,58.56998510827879
2022-09-05 15:32:27,8689,131.1,0.0,2022-09-05T15:32:25.945+0100,True,18,No,58.56998510827879
2022-09-05 15:32:28,5500,131.1,0.0,2022-09-05T15:32:25.945+0100,True,18,No,58.56998510827879
2022-09-05 15:32:29,8689,131.1,0.0,2022-09-05T15:32:27.970+0100,True,18,No,58.56998510827879
2022-09-05 15:32:30,5552,131.1,0.0,2022-09-05T15:32:27.970+0100,True,18,No,58.56998510827879
2022-09-05 15:32:31,8689,131.1,0.0,2022-09-05T15:32:29.993+0100,True,18,No,58.56998510827879
2022-09-05 15:32:32,5448,131.1,0.0,2022-09-05T15:32:29.993+0100,True,18,No,58.56998510827879
2022-09-05 15:32:33,8741,131.1,0.0,2022-09-05T15:32:32.081+0100,True,18,No,58.56998510827879
2022-09-05 15:32:34,5448,131.1,0.0,2022-09-05T15:32:32.081+0100,True,18,No,58.56998510827879
2022-09-05 15:32:35,8793,131.1,0.0,2022-09-05T15:32:34.092+0100,True,18,No,58.56998510827879
2022-09-05 15:32:36,5448,131.1,0.0,2022-09-05T15:32:34.092+0100,True,18,No,58.56998510827879
2022-09-05 15:32:37,8689,131.1,0.0,2022-09-05T15:32:36.096+0100,True,18,No,58.56998510827879
2022-09-05 15:32:38,5448,131.1,0.0,2022-09-05T15:32:36.096+0100,True,18,No,58.56998510827879
2022-09-05 15:32:39,8689,131.1,0.0,2022-09-05T15:32:38.135+0100,True,18,No,58.56998510827879
2022-09-05 15:32:40,5552,131.1,0.0,2022-09-05T15:32:38.135+0100,True,18,No,58.56998510827879
2022-09-05 15:32:41,8793,131.1,0.0,2022-09-05T15:32:40.139+0100,True,18,No,58.56998510827879
2022-09-05 15:32:42,5500,131.1,0.0,2022-09-05T15:32:40.139+0100,True,18,No,58.56998510827879
2022-09-05 15:32:43,8741,131.1,0.0,2022-09-05T15:32:42.141+0100,True,18,No,58.56998510827879
2022-09-05 15:32:44,5448,131.1,0.0,2022-09-05T15:32:42.141+0100,True,18,No,58.56998510827879
2022-09-05 15:32:45,8830,131.1,0.0,2022-09-05T15:32:44.182+0100,True,18,No,58.56998510827879
2022-09-05 15:32:46,5525,131.1,0.0,2022-09-05T15:32:44.182+0100,True,18,No,58.56998510827879
2022-09-05 15:32:47,8689,131.1,0.0,2022-09-05T15:32:46.174+0100,True,18,No,58.56998510827879
2022-09-05 15:32:48,5448,131.1,0.0,2022-09-05T15:32:46.174+0100,True,18,No,58.56998510827879
2022-09-05 15:32:49,8689,131.1,0.0,2022-09-05T15:32:48.198+0100,True,18,No,58.56998510827879
2022-09-05 15:32:50,5500,131.1,0.0,2022-09-05T15:32:48.198+0100,True,18,No,58.56998510827879
2022-09-05 15:32:51,8689,131.1,0.0,2022-09-05T15:32:50.234+0100,True,18,No,58.56998510827879
2022-09-05 15:32:52,5500,131.1,0.0,2022-09-05T15:32:50.234+0100,True,18,No,58.56998510827879
2022-09-05 15:32:53,8689,131.1,0.0,2022-09-05T15:32:52.257+0100,True,18,No,58.56998510827879
2022-09-05 15:32:54,5448,131.1,0.0,2022-09-05T15:32:52.257+0100,True,18,No,58.56998510827879
2022-09-05 15:32:55,8741,131.1,0.0,2022-09-05T15:32:54.254+0100,True,18,No,58.56998510827879
2022-09-05 15:32:56,5396,131.1,0.0,2022-09-05T15:32:54.254+0100,True,18,No,58.56998510827879
2022-09-05 15:32:57,9209,131.1,0.0,2022-09-05T15:32:56.256+0100,True,18,No,58.56998510827879
2022-09-05 15:32:58,5500,131.1,0.0,2022-09-05T15:32:56.256+0100,True,18,No,58.56998510827879
2022-09-05 15:32:59,8689,131.1,0.0,2022-09-05T15:32:58.283+0100,True,18,No,58.56998510827879
2022-09-05 15:33:00,5500,131.1,0.0,2022-09-05T15:32:58.283+0100,True,18,No,58.56998510827879
2022-09-05 15:33:01,8793,131.1,0.0,2022-09-05T15:33:00.314+0100,True,18,No,58.56998510827879
2022-09-05 15:33:02,5500,131.1,0.0,2022-09-05T15:33:00.314+0100,True,18,No,58.56998510827879
2022-09-05 15:33:03,8793,131.1,0.0,2022-09-05T15:33:02.318+0100,True,18,No,58.56998510827879
2022-09-05 15:33:04,5500,131.1,0.0,2022-09-05T15:33:02.318+0100,True,18,No,58.56998510827879
2022-09-05 15:33:05,8830,131.1,0.0,2022-09-05T15:33:04.376+0100,True,18,No,58.56998510827879
2022-09-05 15:33:06,5313,131.1,0.0,2022-09-05T15:33:04.376+0100,True,18,No,58.56998510827879
2022-09-05 15:33:07,8876,131.1,0.0,2022-09-05T15:33:06.389+0100,True,18,No,58.56998510827879
2022-09-05 15:33:08,5500,131.1,0.0,2022-09-05T15:33:06.389+0100,True,18,No,58.56998510827879
2022-09-05 15:33:09,8741,131.1,0.0,2022-09-05T15:33:08.446+0100,True,18,No,58.56998510827879
2022-09-05 15:33:10,5500,131.1,0.0,2022-09-05T15:33:08.446+0100,True,18,No,58.56998510827879
2022-09-05 15:33:11,8689,131.1,0.0,2022-09-05T15:33:10.482+0100,True,18,No,58.56998510827879
2022-09-05 15:33:12,5448,131.1,0.0,2022-09-05T15:33:10.482+0100,True,18,No,58.56998510827879
2022-09-05 15:33:13,8741,131.1,0.0,2022-09-05T15:33:12.490+0100,True,18,No,58.56998510827879
2022-09-05 15:33:14,5448,131.1,0.0,2022-09-05T15:33:12.490+0100,True,18,No,58.56998510827879
2022-09-05 15:33:15,8689,131.1,0.0,2022-09-05T15:33:14.494+0100,True,18,No,58.56998510827879
2022-09-05 15:33:16,5448,131.1,0.0,2022-09-05T15:33:14.494+0100,True,18,No,58.56998510827879
2022-09-05 15:33:18,9001,131.1,0.0,2022-09-05T15:33:16.488+0100,True,18,No,58.56998510827879
2022-09-05 15:33:18,8793,131.1,0.0,2022-09-05T15:33:16.488+0100,True,18,No,58.56998510827879
2022-09-05 15:33:19,8689,131.1,0.0,2022-09-05T15:33:18.499+0100,True,18,No,58.56998510827879
2022-09-05 15:33:20,5500,131.1,0.0,2022-09-05T15:33:18.499+0100,True,18,No,58.56998510827879
2022-09-05 15:33:21,8689,131.1,0.0,2022-09-05T15:33:20.532+0100,True,18,No,58.56998510827879
2022-09-05 15:33:22,5500,131.1,0.0,2022-09-05T15:33:20.532+0100,True,18,No,58.56998510827879
2022-09-05 15:33:23,8741,131.1,0.0,2022-09-05T15:33:22.631+0100,True,18,No,58.56998510827879
2022-09-05 15:33:24,5448,131.1,0.0,2022-09-05T15:33:22.631+0100,True,18,No,58.56998510827879
2022-09-05 15:33:25,8830,131.1,0.0,2022-09-05T15:33:24.730+0100,True,18,No,58.56998510827879
2022-09-05 15:33:26,5448,131.1,0.0,2022-09-05T15:33:24.730+0100,True,18,No,58.56998510827879
2022-09-05 15:33:27,8751,111.04612,4.298436,2022-09-05T15:33:26.767+0100,True,18,No,39.05639796584237
2022-09-05 15:33:28,5500,111.04612,4.298436,2022-09-05T15:33:26.767+0100,True,18,No,39.05639796584237
2022-09-05 15:33:29,8751,100.46448,8.868079,2022-09-05T15:33:28.769+0100,True,18,No,27.820194867564833
2022-09-05 15:33:30,5500,100.46448,8.868079,2022-09-05T15:33:28.769+0100,True,18,No,27.820194867564833
2022-09-05 15:33:31,8698,99.29985,9.495594,2022-09-05T15:33:30.788+0100,True,18,No,26.519824191799916
2022-09-05 15:33:32,5552,99.29985,9.495594,2022-09-05T15:33:30.788+0100,True,18,No,26.519824191799916
2022-09-05 15:33:33,5500,99.29985,9.495594,2022-09-05T15:33:30.788+0100,True,18,No,26.519824191799916
2022-09-05 15:33:34,8751,99.53208,9.5464945,2022-09-05T15:33:32.802+0100,True,18,No,26.6683608239661
2022-09-05 15:33:35,5500,99.53208,9.5464945,2022-09-05T15:33:32.802+0100,True,18,No,26.6683608239661
2022-09-05 15:33:36,8700,103.49509,8.3913145,2022-09-05T15:33:34.810+0100,True,18,No,30.522484578984233
2022-09-05 15:33:37,5500,103.49509,8.3913145,2022-09-05T15:33:34.810+0100,True,18,No,30.522484578984233
2022-09-05 15:33:38,8750,108.381546,6.9711,2022-09-05T15:33:36.825+0100,True,18,No,35.35761997625683
2022-09-05 15:33:39,5448,108.381546,6.9711,2022-09-05T15:33:36.825+0100,True,18,No,35.35761997625683
2022-09-05 15:33:40,8751,115.44595,4.586969,2022-09-05T15:33:38.948+0100,True,18,No,42.6199464207324
2022-09-05 15:33:41,5448,115.44595,4.586969,2022-09-05T15:33:38.948+0100,True,18,No,42.6199464207324
2022-09-05 15:33:42,8751,117.06287,4.624749,2022-09-05T15:33:40.969+0100,True,18,No,44.00158783122424
2022-09-05 15:33:43,5552,117.06287,4.624749,2022-09-05T15:33:40.969+0100,True,18,No,44.00158783122424
2022-09-05 15:33:44,8753,117.070145,4.6198993,2022-09-05T15:33:42.974+0100,True,18,No,44.010307016540715
2022-09-05 15:33:45,5589,117.070145,4.6198993,2022-09-05T15:33:42.974+0100,True,18,No,44.010307016540715
2022-09-05 15:33:46,8700,115.68834,4.6149964,2022-09-05T15:33:44.996+0100,True,18,No,42.81471092065432
2022-09-05 15:33:47,5500,115.68834,4.6149964,2022-09-05T15:33:44.996+0100,True,18,No,42.81471092065432
2022-09-05 15:33:48,8796,115.41461,4.0,2022-09-05T15:33:47.005+0100,True,18,No,42.89442660254243
2022-09-05 15:33:49,5552,115.41461,4.0,2022-09-05T15:33:47.005+0100,True,18,No,42.89442660254243
2022-09-05 15:33:50,8752,112.227486,5.503885,2022-09-05T15:33:49.038+0100,True,18,No,39.39119452958365
2022-09-05 15:33:51,5448,112.227486,5.503885,2022-09-05T15:33:49.038+0100,True,18,No,39.39119452958365
2022-09-05 15:33:52,8752,111.164665,6.358597,2022-09-05T15:33:51.041+0100,True,18,No,38.037954216258186
2022-09-05 15:33:53,5552,111.164665,6.358597,2022-09-05T15:33:51.041+0100,True,18,No,38.037954216258186
2022-09-05 15:33:54,8803,110.78932,6.489783,2022-09-05T15:33:53.055+0100,True,18,No,37.64950486165215
2022-09-05 15:33:55,5552,110.78932,6.489783,2022-09-05T15:33:53.055+0100,True,18,No,37.64950486165215
2022-09-05 15:33:56,8700,111.940506,6.474395,2022-09-05T15:33:55.079+0100,True,18,No,38.64204718212197
2022-09-05 15:33:57,5500,111.940506,6.474395,2022-09-05T15:33:55.079+0100,True,18,No,38.64204718212197
2022-09-05 15:33:58,8805,110.422874,7.6000047,2022-09-05T15:33:57.168+0100,True,18,No,36.76267615238381
2022-09-05 15:33:59,5448,110.422874,7.6000047,2022-09-05T15:33:57.168+0100,True,18,No,36.76267615238381
2022-09-05 15:34:00,8751,112.37582,6.115297,2022-09-05T15:33:59.173+0100,True,18,No,39.1998956075208
2022-09-05 15:35:00,8753,114.95928,5.3878293,2022-09-05T15:34:59.903+0100,True,18,Yes,41.79614784652943
2022-09-05 15:35:01,5500,114.95928,5.3878293,2022-09-05T15:34:59.903+0100,True,18,Yes,41.79614784652943
2022-09-05 15:35:02,8804,118.14516,4.512152,2022-09-05T15:35:01.936+0100,True,18,Yes,45.001616317046036
2022-09-05 15:35:03,5500,118.14516,4.512152,2022-09-05T15:35:01.936+0100,True,18,Yes,45.001616317046036
2022-09-05 15:35:04,5344,118.14516,4.512152,2022-09-05T15:35:01.936+0100,True,18,Yes,45.001616317046036
2022-09-05 15:35:05,5418593,122.20949,2.7077467,2022-09-05T15:35:03.945+0100,True,18,Yes,49.43344935028318
2022-09-05 15:35:06,4962608,125.14432,1.6220125,2022-09-05T15:35:05.939+0100,True,18,Yes,52.53305897019661
2022-09-05 15:35:07,2107940,125.14432,1.6220125,2022-09-05T15:35:05.939+0100,True,18,Yes,52.53305897019661
2022-09-05 15:35:08,5500,125.14432,1.6220125,2022-09-05T15:35:05.939+0100,True,18,Yes,52.53305897019661
2022-09-05 15:35:09,8741,131.1,0.0,2022-09-05T15:35:07.979+0100,True,18,Yes,58.56998510827879
2022-09-05 15:35:10,8793,131.1,0.0,2022-09-05T15:35:09.983+0100,True,18,Yes,58.56998510827879
2022-09-05 15:35:11,5448,131.1,0.0,2022-09-05T15:35:09.983+0100,True,18,Yes,58.56998510827879
2022-09-05 15:35:12,5448,131.1,0.0,2022-09-05T15:35:09.983+0100,True,18,Yes,58.56998510827879
2022-09-05 15:35:13,8689,131.1,0.0,2022-09-05T15:35:12.009+0100,True,18,Yes,58.56998510827879
2022-09-05 15:35:14,5500,131.1,0.0,2022-09-05T15:35:12.009+0100,True,18,Yes,58.56998510827879
2022-09-05 15:35:15,2869259,131.1,0.0,2022-09-05T15:35:14.015+0100,True,18,Yes,58.56998510827879
2022-09-05 15:35:16,1360079,131.1,0.0,2022-09-05T15:35:14.015+0100,True,18,Yes,58.56998510827879
2022-09-05 15:35:17,8689,131.1,0.0,2022-09-05T15:35:16.043+0100,True,18,Yes,58.56998510827879
2022-09-05 15:35:18,5500,131.1,0.0,2022-09-05T15:35:16.043+0100,True,18,Yes,58.56998510827879
2022-09-05 15:35:19,8741,131.1,0.0,2022-09-05T15:35:18.129+0100,True,18,Yes,58.56998510827879
2022-09-05 15:35:20,6899,131.1,0.0,2022-09-05T15:35:18.129+0100,True,18,Yes,58.56998510827879
2022-09-05 15:35:21,8689,131.1,0.0,2022-09-05T15:35:20.153+0100,True,18,Yes,58.56998510827879
2022-09-05 15:35:22,771633,131.1,0.0,2022-09-05T15:35:20.153+0100,True,18,Yes,58.56998510827879
2022-09-05 15:35:23,4883937,131.1,0.0,2022-09-05T15:35:22.164+0100,True,18,Yes,58.56998510827879
2022-09-05 15:35:24,5552,131.1,0.0,2022-09-05T15:35:22.164+0100,True,18,Yes,58.56998510827879
2022-09-05 15:35:25,8726,131.1,0.0,2022-09-05T15:35:24.300+0100,True,18,Yes,58.56998510827879
2022-09-05 15:35:26,5448,131.1,0.0,2022-09-05T15:35:24.300+0100,True,18,Yes,58.56998510827879
2022-09-05 15:35:27,8637,131.1,0.0,2022-09-05T15:35:26.287+0100,True,18,Yes,58.56998510827879
2022-09-05 15:35:28,8816,131.1,0.0,2022-09-05T15:35:26.287+0100,True,18,Yes,58.56998510827879
2022-09-05 15:35:29,8793,131.1,0.0,2022-09-05T15:35:28.303+0100,True,18,Yes,58.56998510827879
2022-09-05 15:35:30,1600239,131.1,0.0,2022-09-05T15:35:28.303+0100,True,18,Yes,58.56998510827879
2022-09-05 15:35:31,3798013,131.1,0.0,2022-09-05T15:35:30.312+0100,True,18,Yes,58.56998510827879
2022-09-05 15:35:32,770869,131.1,0.0,2022-09-05T15:35:30.312+0100,True,18,Yes,58.56998510827879
2022-09-05 15:35:33,8741,131.1,0.0,2022-09-05T15:35:32.332+0100,True,18,Yes,58.56998510827879
2022-09-05 15:35:34,5500,131.1,0.0,2022-09-05T15:35:32.332+0100,True,18,Yes,58.56998510827879
2022-09-05 15:35:35,8689,131.1,0.0,2022-09-05T15:35:34.439+0100,True,18,Yes,58.56998510827879
2022-09-05 15:35:36,5448,131.1,0.0,2022-09-05T15:35:34.439+0100,True,18,Yes,58.56998510827879
2022-09-05 15:35:37,8741,131.1,0.0,2022-09-05T15:35:36.454+0100,True,18,Yes,58.56998510827879
2022-09-05 15:35:38,1944986,131.1,0.0,2022-09-05T15:35:36.454+0100,True,18,Yes,58.56998510827879
2022-09-05 15:35:39,4083208,131.1,0.0,2022-09-05T15:35:38.506+0100,True,18,Yes,58.56998510827879
2022-09-05 15:35:40,115088,131.1,0.0,2022-09-05T15:35:38.506+0100,True,18,Yes,58.56998510827879
2022-09-05 15:35:41,8637,131.1,0.0,2022-09-05T15:35:40.540+0100,True,18,Yes,58.56998510827879
2022-09-05 15:35:42,5500,131.1,0.0,2022-09-05T15:35:40.540+0100,True,18,Yes,58.56998510827879
2022-09-05 15:35:43,8689,131.1,0.0,2022-09-05T15:35:42.590+0100,True,18,Yes,58.56998510827879
2022-09-05 15:35:44,5448,131.1,0.0,2022-09-05T15:35:42.590+0100,True,18,Yes,58.56998510827879
2022-09-05 15:35:45,14551,131.1,0.0,2022-09-05T15:35:44.602+0100,True,18,Yes,58.56998510827879
2022-09-05 15:35:46,3539214,131.1,0.0,2022-09-05T15:35:44.602+0100,True,18,Yes,58.56998510827879
2022-09-05 15:35:47,2842938,131.1,0.0,2022-09-05T15:35:46.629+0100,True,18,Yes,58.56998510827879
2022-09-05 15:35:48,5448,131.1,0.0,2022-09-05T15:35:46.629+0100,True,18,Yes,58.56998510827879
2022-09-05 15:35:49,8689,131.1,0.0,2022-09-05T15:35:48.642+0100,True,18,Yes,58.56998510827879
2022-09-05 15:35:50,5500,131.1,0.0,2022-09-05T15:35:48.642+0100,True,18,Yes,58.56998510827879
2022-09-05 15:35:51,8689,131.1,0.0,2022-09-05T15:35:50.656+0100,True,18,Yes,58.56998510827879
2022-09-05 15:35:52,5500,131.1,0.0,2022-09-05T15:35:50.656+0100,True,18,Yes,58.56998510827879
2022-09-05 15:35:53,8689,131.1,0.0,2022-09-05T15:35:52.683+0100,True,18,Yes,58.56998510827879
2022-09-05 15:35:54,2969854,131.1,0.0,2022-09-05T15:35:52.683+0100,True,18,Yes,58.56998510827879
2022-09-05 15:35:55,2722051,131.1,0.0,2022-09-05T15:35:54.680+0100,True,18,Yes,58.56998510827879
2022-09-05 15:35:56,5448,131.1,0.0,2022-09-05T15:35:54.680+0100,True,18,Yes,58.56998510827879
2022-09-05 15:35:57,8741,131.1,0.0,2022-09-05T15:35:56.700+0100,True,18,Yes,58.56998510827879
2022-09-05 15:35:58,5500,131.1,0.0,2022-09-05T15:35:56.700+0100,True,18,Yes,58.56998510827879
2022-09-05 15:35:59,8637,131.1,0.0,2022-09-05T15:35:58.705+0100,True,18,Yes,58.56998510827879
2022-09-05 15:36:00,5261,131.1,0.0,2022-09-05T15:35:58.705+0100,True,18,Yes,58.56998510827879
2022-09-05 15:36:01,8689,131.1,0.0,2022-09-05T15:36:00.731+0100,True,18,Yes,58.56998510827879
2022-09-05 15:36:02,5448,131.1,0.0,2022-09-05T15:36:00.731+0100,True,18,Yes,58.56998510827879
2022-09-05 15:36:03,795558,131.1,0.0,2022-09-05T15:36:02.785+0100,True,18,Yes,58.56998510827879
2022-09-05 15:36:04,4034664,131.1,0.0,2022-09-05T15:36:02.785+0100,True,18,Yes,58.56998510827879
2022-09-05 15:36:05,9142,131.1,0.0,2022-09-05T15:36:04.855+0100,True,18,Yes,58.56998510827879
2022-09-05 15:36:06,5344,131.1,0.0,2022-09-05T15:36:04.855+0100,True,18,Yes,58.56998510827879
2022-09-05 15:36:07,8793,131.1,0.0,2022-09-05T15:36:06.861+0100,True,18,Yes,58.56998510827879
2022-09-05 15:36:08,5500,131.1,0.0,2022-09-05T15:36:06.861+0100,True,18,Yes,58.56998510827879
2022-09-05 15:36:09,8637,131.1,0.0,2022-09-05T15:36:08.874+0100,True,18,Yes,58.56998510827879
2022-09-05 15:36:10,5956,131.1,0.0,2022-09-05T15:36:08.874+0100,True,18,Yes,58.56998510827879
2022-09-05 15:36:11,1282167,131.1,0.0,2022-09-05T15:36:10.920+0100,True,18,Yes,58.56998510827879
2022-09-05 15:36:12,4096107,131.1,0.0,2022-09-05T15:36:10.920+0100,True,18,Yes,58.56998510827879
2022-09-05 15:36:13,8637,131.1,0.0,2022-09-05T15:36:13.000+0100,True,18,Yes,58.56998510827879
2022-09-05 15:36:14,5448,131.1,0.0,2022-09-05T15:36:13.000+0100,True,18,Yes,58.56998510827879
2022-09-05 15:36:15,8689,131.1,0.0,2022-09-05T15:36:15.014+0100,True,18,Yes,58.56998510827879
2022-09-05 15:36:16,5500,131.1,0.0,2022-09-05T15:36:15.014+0100,True,18,Yes,58.56998510827879
2022-09-05 15:36:17,8689,131.1,0.0,2022-09-05T15:36:17.027+0100,True,18,Yes,58.56998510827879
2022-09-05 15:36:18,5500,131.1,0.0,2022-09-05T15:36:17.027+0100,True,18,Yes,58.56998510827879
2022-09-05 15:36:19,8741,131.1,0.0,2022-09-05T15:36:19.049+0100,True,18,Yes,58.56998510827879
2022-09-05 15:36:20,1081136,131.1,0.0,2022-09-05T15:36:19.049+0100,True,18,Yes,58.56998510827879
2022-09-05 15:36:21,4348536,131.1,0.0,2022-09-05T15:36:21.143+0100,True,18,Yes,58.56998510827879
2022-09-05 15:36:22,5552,131.1,0.0,2022-09-05T15:36:21.143+0100,True,18,Yes,58.56998510827879
2022-09-05 15:36:23,5635,131.1,0.0,2022-09-05T15:36:21.143+0100,True,18,Yes,58.56998510827879
2022-09-05 15:36:24,8741,131.1,0.0,2022-09-05T15:36:23.148+0100,True,18,Yes,58.56998510827879
2022-09-05 15:36:25,5537,131.1,0.0,2022-09-05T15:36:23.148+0100,True,18,Yes,58.56998510827879
2022-09-05 15:36:26,8793,131.1,0.0,2022-09-05T15:36:25.189+0100,True,18,Yes,58.56998510827879
2022-09-05 15:36:27,5448,131.1,0.0,2022-09-05T15:36:25.189+0100,True,18,Yes,58.56998510827879
2022-09-05 15:36:28,8741,131.1,0.0,2022-09-05T15:36:27.223+0100,True,18,Yes,58.56998510827879
2022-09-05 15:36:29,3587279,122.34192,4.0174346,2022-09-05T15:36:29.234+0100,True,18,Yes,48.94133840111295
2022-09-05 15:36:30,2759551,122.34192,4.0174346,2022-09-05T15:36:29.234+0100,True,18,Yes,48.94133840111295
2022-09-05 15:36:31,5500,122.34192,4.0174346,2022-09-05T15:36:29.234+0100,True,18,Yes,48.94133840111295
2022-09-05 15:36:32,8699,117.39595,6.478822,2022-09-05T15:36:31.241+0100,True,18,Yes,43.41704609784622
2022-09-05 15:36:33,5448,117.39595,6.478822,2022-09-05T15:36:31.241+0100,True,18,Yes,43.41704609784622
2022-09-05 15:36:34,8648,112.476654,8.899263,2022-09-05T15:36:33.277+0100,True,18,Yes,37.93527766840365
2022-09-05 15:36:35,5902,112.476654,8.899263,2022-09-05T15:36:33.277+0100,True,18,Yes,37.93527766840365
2022-09-05 15:36:36,8745,110.00001,10.0,2022-09-05T15:36:35.348+0100,True,18,Yes,35.2297336461816
2022-09-05 15:36:37,5396,110.00001,10.0,2022-09-05T15:36:35.348+0100,True,18,Yes,35.2297336461816
2022-09-05 15:36:38,8693,110.00001,10.0,2022-09-05T15:36:37.344+0100,True,18,Yes,35.2297336461816
2022-09-05 15:36:39,5448,110.00001,10.0,2022-09-05T15:36:37.344+0100,True,18,Yes,35.2297336461816
2022-09-05 15:36:40,3369247,110.0,10.0,2022-09-05T15:36:39.348+0100,True,18,Yes,35.229724773037894
2022-09-05 15:36:41,2970732,110.0,10.0,2022-09-05T15:36:39.348+0100,True,18,Yes,35.229724773037894
2022-09-05 15:36:42,8693,110.00001,10.0,2022-09-05T15:36:41.356+0100,True,18,Yes,35.2297336461816
2022-09-05 15:36:43,5500,110.00001,10.0,2022-09-05T15:36:41.356+0100,True,18,Yes,35.2297336461816
2022-09-05 15:36:44,8693,110.0,9.999999,2022-09-05T15:36:43.351+0100,True,18,Yes,35.229725234203016
2022-09-05 15:36:45,5433,110.0,9.999999,2022-09-05T15:36:43.351+0100,True,18,Yes,35.229725234203016
2022-09-05 15:36:46,8791,110.0,10.0,2022-09-05T15:36:45.353+0100,True,18,Yes,35.229724773037894
2022-09-05 15:36:47,5500,110.0,10.0,2022-09-05T15:36:45.353+0100,True,18,Yes,35.229724773037894
2022-09-05 15:36:48,8700,104.31898,13.787349,2022-09-05T15:36:47.373+0100,True,18,Yes,28.451923631066506
2022-09-05 15:36:49,5448,104.31898,13.787349,2022-09-05T15:36:47.373+0100,True,18,Yes,28.451923631066506
2022-09-05 15:36:50,8699,95.36048,19.917305,2022-09-05T15:36:49.379+0100,True,18,Yes,17.784727468944382
2022-09-05 15:36:51,5552,95.36048,19.917305,2022-09-05T15:36:49.379+0100,True,18,Yes,17.784727468944382
2022-09-05 15:36:52,8648,90.841545,22.920965,2022-09-05T15:36:51.392+0100,True,18,Yes,12.55006634397802
2022-09-05 15:36:53,3254174,90.841545,22.920965,2022-09-05T15:36:51.392+0100,True,18,Yes,12.55006634397802
2022-09-05 15:36:54,2940509,84.70736,25.96592,2022-09-05T15:36:53.422+0100,True,18,Yes,5.973803183902185
2022-09-05 15:36:55,5448,84.70736,25.96592,2022-09-05T15:36:53.422+0100,True,18,Yes,5.973803183902185
2022-09-05 15:36:56,8751,81.60237,27.180355,2022-09-05T15:36:55.510+0100,True,18,Yes,3.010634550609712
2022-09-05 15:36:57,5500,81.60237,27.180355,2022-09-05T15:36:55.510+0100,True,18,Yes,3.010634550609712
2022-09-05 15:36:58,12953,80.821106,26.766348,2022-09-05T15:36:57.524+0100,True,18,Yes,2.144842538113227
2022-09-05 15:36:59,5500,80.821106,26.766348,2022-09-05T15:36:57.524+0100,True,18,Yes,2.144842538113227
2022-09-05 15:37:00,14527,84.002754,24.3948,2022-09-05T15:36:59.526+0100,True,18,Yes,5.578933885182359
2022-09-05 15:37:01,5500,84.002754,24.3948,2022-09-05T15:36:59.526+0100,True,18,Yes,5.578933885182359
2022-09-05 15:37:02,8744,84.42218,24.0,2022-09-05T15:37:01.571+0100,True,18,Yes,6.110081999351558
2022-09-05 15:37:03,5448,84.42218,24.0,2022-09-05T15:37:01.571+0100,True,18,Yes,6.110081999351558
2022-09-05 15:37:04,3339319,85.62296,24.0,2022-09-05T15:37:03.668+0100,True,18,Yes,7.240213159735012
2022-09-05 15:37:05,5849,85.62296,24.0,2022-09-05T15:37:03.668+0100,True,18,Yes,7.240213159735012
2022-09-05 15:37:06,8796,86.81561,24.0,2022-09-05T15:37:05.673+0100,True,18,Yes,8.382162218717797
2022-09-05 15:37:07,5396,86.81561,24.0,2022-09-05T15:37:05.673+0100,True,18,Yes,8.382162218717797
2022-09-05 15:37:08,8686,88.0,24.0,2022-09-05T15:37:07.677+0100,True,18,Yes,9.52850395308728
2022-09-05 15:37:09,5552,88.0,24.0,2022-09-05T15:37:07.677+0100,True,18,Yes,9.52850395308728
2022-09-05 15:37:10,8686,88.0,24.0,2022-09-05T15:37:09.690+0100,True,18,Yes,9.52850395308728
2022-09-05 15:37:11,3077519,88.0,24.0,2022-09-05T15:37:09.690+0100,True,18,Yes,9.52850395308728
2022-09-05 15:37:12,8738,88.0,24.0,2022-09-05T15:37:11.698+0100,True,18,Yes,9.52850395308728
2022-09-05 15:37:13,6557,88.0,24.0,2022-09-05T15:37:11.698+0100,True,18,Yes,9.52850395308728
2022-09-05 15:37:14,8564,87.19123,24.404383,2022-09-05T15:37:13.734+0100,True,18,Yes,8.649554310279173
2022-09-05 15:37:15,5448,87.19123,24.404383,2022-09-05T15:37:13.734+0100,True,18,Yes,8.649554310279173
2022-09-05 15:37:16,3599063,86.385216,24.80739,2022-09-05T15:37:15.752+0100,True,18,Yes,7.779367075285492
2022-09-05 15:37:17,5552,86.385216,24.80739,2022-09-05T15:37:15.752+0100,True,18,Yes,7.779367075285492
2022-09-05 15:37:18,8699,85.98908,24.803268,2022-09-05T15:37:17.855+0100,True,18,Yes,7.391237707089657
2022-09-05 15:37:19,5500,85.98908,24.803268,2022-09-05T15:37:17.855+0100,True,18,Yes,7.391237707089657
2022-09-05 15:37:20,8647,87.61891,23.584656,2022-09-05T15:37:19.874+0100,True,18,Yes,9.269238712137904
2022-09-05 15:37:21,1996896,87.61891,23.584656,2022-09-05T15:37:19.874+0100,True,18,Yes,9.269238712137904
2022-09-05 15:37:22,1097673,86.41393,24.39209,2022-09-05T15:37:21.973+0100,True,18,Yes,7.894706989483514
2022-09-05 15:37:23,5448,86.41393,24.39209,2022-09-05T15:37:21.973+0100,True,18,Yes,7.894706989483514
2022-09-05 15:37:24,8698,84.37418,26.02196,2022-09-05T15:37:23.983+0100,True,18,Yes,5.638501433714451
2022-09-05 15:37:25,6038,84.37418,26.02196,2022-09-05T15:37:23.983+0100,True,18,Yes,5.638501433714451
2022-09-05 15:37:27,2966478,90.02616,21.983458,2022-09-05T15:37:25.992+0100,True,18,Yes,12.064377268663478
2022-09-05 15:37:27,5741,90.02616,21.983458,2022-09-05T15:37:25.992+0100,True,18,Yes,12.064377268663478
2022-09-05 15:37:28,8699,94.41172,19.625845,2022-09-05T15:37:27.998+0100,True,18,Yes,17.012753410286795
2022-09-05 15:37:29,5500,94.41172,19.625845,2022-09-05T15:37:27.998+0100,True,18,Yes,17.012753410286795
2022-09-05 15:37:30,8698,96.3842,18.678633,2022-09-05T15:37:30.043+0100,True,18,Yes,19.198648086809893
2022-09-05 15:37:31,3930579,96.3842,18.678633,2022-09-05T15:37:30.043+0100,True,18,Yes,19.198648086809893
2022-09-05 15:37:32,8751,99.42964,16.497763,2022-09-05T15:37:32.056+0100,True,18,Yes,22.871308341637327
2022-09-05 15:37:33,5448,99.42964,16.497763,2022-09-05T15:37:32.056+0100,True,18,Yes,22.871308341637327
2022-09-05 15:37:34,8804,105.52124,12.141469,2022-09-05T15:37:34.143+0100,True,18,Yes,30.268537324082924
2022-09-05 15:37:35,5448,105.52124,12.141469,2022-09-05T15:37:34.143+0100,True,18,Yes,30.268537324082924
2022-09-05 15:37:36,8752,104.66779,12.995873,2022-09-05T15:37:36.147+0100,True,18,Yes,29.117468015511044
2022-09-05 15:37:37,1178083,104.66779,12.995873,2022-09-05T15:37:36.147+0100,True,18,Yes,29.117468015511044
2022-09-05 15:37:38,4270003,105.50787,11.975579,2022-09-05T15:37:38.185+0100,True,18,Yes,30.334399022990066
2022-09-05 15:37:39,5261,105.50787,11.975579,2022-09-05T15:37:38.185+0100,True,18,Yes,30.334399022990066
2022-09-05 15:37:40,8888,104.559845,12.293435,2022-09-05T15:37:40.197+0100,True,18,Yes,29.348769919546026
2022-09-05 15:37:41,5500,104.559845,12.293435,2022-09-05T15:37:40.197+0100,True,18,Yes,29.348769919546026
2022-09-05 15:37:42,8752,102.80271,13.606574,2022-09-05T15:37:42.203+0100,True,18,Yes,27.18050042592697
2022-09-05 15:37:43,5500,102.80271,13.606574,2022-09-05T15:37:42.203+0100,True,18,Yes,27.18050042592697
2022-09-05 15:37:44,8841,100.23683,15.316628,2022-09-05T15:37:44.224+0100,True,18,Yes,24.115839861331054
2022-09-05 15:37:45,5448,100.23683,15.316628,2022-09-05T15:37:44.224+0100,True,18,Yes,24.115839861331054
2022-09-05 15:37:47,8803,97.73011,17.411604,2022-09-05T15:37:46.234+0100,True,18,Yes,20.9446288039668
2022-09-05 15:37:47,5552,97.73011,17.411604,2022-09-05T15:37:46.234+0100,True,18,Yes,20.9446288039668
2022-09-05 15:37:49,8700,95.285385,19.038832,2022-09-05T15:37:48.249+0100,True,18,Yes,18.047108347909067
2022-09-05 15:37:49,5342002,95.285385,19.038832,2022-09-05T15:37:48.249+0100,True,18,Yes,18.047108347909067
2022-09-05 15:37:50,5854,95.285385,19.038832,2022-09-05T15:37:48.249+0100,True,18,Yes,18.047108347909067
2022-09-05 15:37:51,8752,95.650345,18.764973,2022-09-05T15:37:50.277+0100,True,18,Yes,18.491373526761986
2022-09-05 15:37:52,5500,95.650345,18.764973,2022-09-05T15:37:50.277+0100,True,18,Yes,18.491373526761986
2022-09-05 15:37:53,8751,98.43856,16.771847,2022-09-05T15:37:52.293+0100,True,18,Yes,21.858640875546875
2022-09-05 15:37:54,5448,98.43856,16.771847,2022-09-05T15:37:52.293+0100,True,18,Yes,21.858640875546875
2022-09-05 15:37:55,8751,99.60245,16.397549,2022-09-05T15:37:54.304+0100,True,18,Yes,23.07035572832246
2022-09-05 15:37:56,5448,99.60245,16.397549,2022-09-05T15:37:54.304+0100,True,18,Yes,23.07035572832246
2022-09-05 15:37:57,8752,101.19536,15.209025,2022-09-05T15:37:56.326+0100,True,18,Yes,25.021325263723035
2022-09-05 15:37:58,5448,101.19536,15.209025,2022-09-05T15:37:56.326+0100,True,18,Yes,25.021325263723035
2022-09-05 15:37:59,11913,101.60661,15.200776,2022-09-05T15:37:58.426+0100,True,18,Yes,25.394633575888353
2022-09-05 15:38:01,5552,101.60661,15.200776,2022-09-05T15:37:58.426+0100,True,18,Yes,25.394633575888353
2022-09-05 15:38:01,8752,100.39747,16.001417,2022-09-05T15:38:00.525+0100,True,18,Yes,23.958407918680837
2022-09-05 15:38:02,5500,100.39747,16.001417,2022-09-05T15:38:00.525+0100,True,18,Yes,23.958407918680837
2022-09-05 15:38:03,8700,100.40438,15.990417,2022-09-05T15:38:02.552+0100,True,18,Yes,23.969359178672445
2022-09-05 15:38:04,5537,100.40438,15.990417,2022-09-05T15:38:02.552+0100,True,18,Yes,23.969359178672445
2022-09-05 15:38:05,9116,100.37843,15.609286,2022-09-05T15:38:04.639+0100,True,18,Yes,24.111609873611833
2022-09-05 15:38:06,5500,100.37843,15.609286,2022-09-05T15:38:04.639+0100,True,18,Yes,24.111609873611833
2022-09-05 15:38:07,4830853,98.375595,16.814266,2022-09-05T15:38:06.660+0100,True,18,Yes,21.783514319350335
2022-09-05 15:38:08,5500,98.375595,16.814266,2022-09-05T15:38:06.660+0100,True,18,Yes,21.783514319350335
2022-09-05 15:38:09,8700,98.002785,16.799143,2022-09-05T15:38:08.984+0100,True,18,Yes,21.454729852914813
2022-09-05 15:38:11,5552,98.002785,16.799143,2022-09-05T15:38:08.984+0100,True,18,Yes,21.454729852914813
2022-09-05 15:38:11,8752,99.206314,15.995874,2022-09-05T15:38:11.016+0100,True,18,Yes,22.88980784688749
2022-09-05 15:38:12,5448,99.206314,15.995874,2022-09-05T15:38:11.016+0100,True,18,Yes,22.88980784688749
2022-09-05 15:38:14,8803,98.01226,16.791014,2022-09-05T15:38:13.040+0100,True,18,Yes,21.466816586733017
2022-09-05 15:38:14,5448,98.01226,16.791014,2022-09-05T15:38:13.040+0100,True,18,Yes,21.466816586733017
2022-09-05 15:38:15,14580,99.20957,15.991797,2022-09-05T15:38:15.039+0100,True,18,Yes,22.894545015877227
2022-09-05 15:38:16,5500,99.20957,15.991797,2022-09-05T15:38:15.039+0100,True,18,Yes,22.894545015877227
2022-09-05 15:38:17,8752,100.79923,14.800519,2022-09-05T15:38:17.159+0100,True,18,Yes,24.851923197155198
2022-09-05 15:38:18,5552,100.79923,14.800519,2022-09-05T15:38:17.159+0100,True,18,Yes,24.851923197155198
2022-09-05 15:38:19,8699,98.38105,16.412634,2022-09-05T15:38:19.254+0100,True,18,Yes,21.965286418517195
2022-09-05 15:38:21,5552,98.38105,16.412634,2022-09-05T15:38:19.254+0100,True,18,Yes,21.965286418517195
2022-09-05 15:38:22,2735231,97.1844,17.2104,2022-09-05T15:38:21.265+0100,True,18,Yes,20.538867259905054
2022-09-05 15:38:23,3449210,97.1844,17.2104,2022-09-05T15:38:21.265+0100,True,18,Yes,20.538867259905054
2022-09-05 15:38:24,8803,98.38942,16.407053,2022-09-05T15:38:23.278+0100,True,18,Yes,21.975269400362055
2022-09-05 15:38:24,5485,98.38942,16.407053,2022-09-05T15:38:23.278+0100,True,18,Yes,21.975269400362055
2022-09-05 15:38:25,8751,98.41393,16.390715,2022-09-05T15:38:25.286+0100,True,18,Yes,22.004500916242673
2022-09-05 15:38:26,5448,98.41393,16.390715,2022-09-05T15:38:25.286+0100,True,18,Yes,22.004500916242673
2022-09-05 15:38:27,8699,98.43856,16.374296,2022-09-05T15:38:27.304+0100,True,18,Yes,22.033876603897365
2022-09-05 15:38:28,5500,98.43856,16.374296,2022-09-05T15:38:27.304+0100,True,18,Yes,22.033876603897365
2022-09-05 15:38:29,8700,100.41121,15.193981,2022-09-05T15:38:29.333+0100,True,18,Yes,24.326887336949227
2022-09-05 15:38:31,5500,100.41121,15.193981,2022-09-05T15:38:29.333+0100,True,18,Yes,24.326887336949227
2022-09-05 15:38:31,8565,101.59699,14.403008,2022-09-05T15:38:31.340+0100,True,18,Yes,25.743119305706603
2022-09-05 15:38:33,5500,101.59699,14.403008,2022-09-05T15:38:31.340+0100,True,18,Yes,25.743119305706603
2022-09-05 15:38:33,5448,101.59699,14.403008,2022-09-05T15:38:31.340+0100,True,18,Yes,25.743119305706603
2022-09-05 15:38:34,8700,101.59975,14.400258,2022-09-05T15:38:33.381+0100,True,18,Yes,25.746835084832153
2022-09-05 15:38:36,8805,101.602455,14.397549,2022-09-05T15:38:35.387+0100,True,18,Yes,25.750483219820673
2022-09-05 15:38:36,8753,101.602455,14.397549,2022-09-05T15:38:35.387+0100,True,18,Yes,25.750483219820673
2022-09-05 15:38:37,5500,101.602455,14.397549,2022-09-05T15:38:35.387+0100,True,18,Yes,25.750483219820673
2022-09-05 15:38:38,8700,102.81835,13.586032,2022-09-05T15:38:37.485+0100,True,18,Yes,27.2039014538254
2022-09-05 15:38:39,5448,102.81835,13.586032,2022-09-05T15:38:37.485+0100,True,18,Yes,27.2039014538254
2022-09-05 15:38:40,9158,103.20902,13.193983,2022-09-05T15:38:39.508+0100,True,18,Yes,27.73263515951502
2022-09-05 15:38:41,5448,103.20902,13.193983,2022-09-05T15:38:39.508+0100,True,18,Yes,27.73263515951502
2022-09-05 15:38:43,6233669,104.00954,12.795099,2022-09-05T15:38:41.612+0100,True,18,Yes,28.626695113338542
2022-09-05 15:38:43,5396,104.00954,12.795099,2022-09-05T15:38:41.612+0100,True,18,Yes,28.626695113338542
2022-09-05 15:38:45,8842,102.785515,14.015043,2022-09-05T15:38:43.615+0100,True,18,Yes,26.977639246389852
2022-09-05 15:38:46,5500,102.785515,14.015043,2022-09-05T15:38:43.615+0100,True,18,Yes,26.977639246389852
2022-09-05 15:38:46,8700,101.15836,15.232319,2022-09-05T15:38:45.618+0100,True,18,Yes,24.977844595336904
2022-09-05 15:38:47,5500,101.15836,15.232319,2022-09-05T15:38:45.618+0100,True,18,Yes,24.977844595336904
2022-09-05 15:38:49,8649,101.195435,15.203486,2022-09-05T15:38:47.666+0100,True,18,Yes,25.023836486525823
2022-09-05 15:38:49,5500,101.195435,15.203486,2022-09-05T15:38:47.666+0100,True,18,Yes,25.023836486525823
2022-09-05 15:38:51,8804,101.20494,15.192609,2022-09-05T15:38:49.736+0100,True,18,Yes,25.03716658187824
2022-09-05 15:38:51,5500,101.20494,15.192609,2022-09-05T15:38:49.736+0100,True,18,Yes,25.03716658187824
2022-09-05 15:38:52,494422,100.426186,15.5765295,2022-09-05T15:38:51.737+0100,True,18,Yes,24.168919896821333
2022-09-05 15:38:53,5654435,100.426186,15.5765295,2022-09-05T15:38:51.737+0100,True,18,Yes,24.168919896821333
2022-09-05 15:38:55,8751,100.4003,15.198068,2022-09-05T15:38:53.768+0100,True,18,Yes,24.31531155129837
2022-09-05 15:38:56,5500,100.4003,15.198068,2022-09-05T15:38:53.768+0100,True,18,Yes,24.31531155129837
2022-09-05 15:38:57,8805,101.97538,14.0164175,2022-09-05T15:38:55.804+0100,True,18,Yes,26.25748936379688
2022-09-05 15:38:58,6094,101.97538,14.0164175,2022-09-05T15:38:55.804+0100,True,18,Yes,26.25748936379688
2022-09-05 15:38:59,10540,100.79923,14.800519,2022-09-05T15:38:57.873+0100,True,18,Yes,24.851923197155198
2022-09-05 15:39:00,5552,100.79923,14.800519,2022-09-05T15:38:57.873+0100,True,18,Yes,24.851923197155198
2022-09-05 15:39:00,8700,100.80736,14.795099,2022-09-05T15:39:00.071+0100,True,18,Yes,24.86163589484089
2022-09-05 15:39:02,5552,100.80736,14.795099,2022-09-05T15:39:00.071+0100,True,18,Yes,24.86163589484089
2022-09-05 15:39:03,8753,101.219986,14.789598,2022-09-05T15:39:02.086+0100,True,18,Yes,25.231096320080113
2022-09-05 15:39:04,5552,101.219986,14.789598,2022-09-05T15:39:02.086+0100,True,18,Yes,25.231096320080113
2022-09-05 15:39:05,4065872,102.80739,14.000001,2022-09-05T15:39:04.115+0100,True,18,Yes,27.003956860761367
2022-09-05 15:39:06,6219,102.80739,14.000001,2022-09-05T15:39:04.115+0100,True,18,Yes,27.003956860761367
2022-09-05 15:39:07,8700,101.59011,14.808768,2022-09-05T15:39:06.132+0100,True,18,Yes,25.55282686821174
2022-09-05 15:39:08,5448,101.59011,14.808768,2022-09-05T15:39:06.132+0100,True,18,Yes,25.55282686821174
2022-09-05 15:39:09,8752,101.58879,14.806017,2022-09-05T15:39:08.158+0100,True,18,Yes,25.55287807686463
2022-09-05 15:39:10,5552,101.58879,14.806017,2022-09-05T15:39:08.158+0100,True,18,Yes,25.55287807686463
2022-09-05 15:39:11,8752,101.59158,14.800519,2022-09-05T15:39:10.167+0100,True,18,Yes,25.557834676450987
2022-09-05 15:39:12,5500,101.59158,14.800519,2022-09-05T15:39:10.167+0100,True,18,Yes,25.557834676450987
2022-09-05 15:39:13,8701,101.202705,14.794554,2022-09-05T15:39:12.159+0100,True,18,Yes,25.213449465881908
2022-09-05 15:39:14,3023621,101.202705,14.794554,2022-09-05T15:39:12.159+0100,True,18,Yes,25.213449465881908
2022-09-05 15:39:15,8701,100.815605,14.789598,2022-09-05T15:39:14.179+0100,True,18,Yes,24.871488022852777
2022-09-05 15:39:16,5396,100.815605,14.789598,2022-09-05T15:39:14.179+0100,True,18,Yes,24.871488022852777
2022-09-05 15:39:17,8804,100.78685,14.808768,2022-09-05T15:39:16.192+0100,True,18,Yes,24.837135219473357
2022-09-05 15:39:18,5552,100.78685,14.808768,2022-09-05T15:39:16.192+0100,True,18,Yes,24.837135219473357
2022-09-05 15:39:19,3361460,100.79098,14.806017,2022-09-05T15:39:18.219+0100,True,18,Yes,24.84206810647232
2022-09-05 15:39:20,5448,100.79098,14.806017,2022-09-05T15:39:18.219+0100,True,18,Yes,24.84206810647232
2022-09-05 15:39:21,8701,100.394844,15.204902,2022-09-05T15:39:20.246+0100,True,18,Yes,24.30734629458716
2022-09-05 15:39:22,5528,100.394844,15.204902,2022-09-05T15:39:20.246+0100,True,18,Yes,24.30734629458716
2022-09-05 15:39:23,8699,99.19119,16.006874,2022-09-05T15:39:22.254+0100,True,18,Yes,22.871359254854447
2022-09-05 15:39:24,2905495,99.19119,16.006874,2022-09-05T15:39:22.254+0100,True,18,Yes,22.871359254854447
2022-09-05 15:39:25,58569,99.206314,15.995874,2022-09-05T15:39:24.367+0100,True,18,Yes,22.88980784688749
2022-09-05 15:39:26,5448,99.206314,15.995874,2022-09-05T15:39:24.367+0100,True,18,Yes,22.88980784688749
2022-09-05 15:39:27,8752,100.40168,15.198067,2022-09-05T15:39:26.469+0100,True,18,Yes,24.316541321183173
2022-09-05 15:39:28,5500,100.40168,15.198067,2022-09-05T15:39:26.469+0100,True,18,Yes,24.316541321183173
2022-09-05 15:39:29,1686409,100.41256,15.189899,2022-09-05T15:39:28.471+0100,True,18,Yes,24.32994476742684
2022-09-05 15:39:30,5448,100.41256,15.189899,2022-09-05T15:39:28.471+0100,True,18,Yes,24.32994476742684
2022-09-05 15:39:31,1928714,100.815605,14.789598,2022-09-05T15:39:30.484+0100,True,18,Yes,24.871488022852777
2022-09-05 15:39:32,408652,100.815605,14.789598,2022-09-05T15:39:30.484+0100,True,18,Yes,24.871488022852777
2022-09-05 15:39:33,8804,100.78685,14.808768,2022-09-05T15:39:32.518+0100,True,18,Yes,24.837135219473357
2022-09-05 15:39:34,1295253,100.78685,14.808768,2022-09-05T15:39:32.518+0100,True,18,Yes,24.837135219473357
2022-09-05 15:39:35,80266,100.78685,14.808768,2022-09-05T15:39:32.518+0100,True,18,Yes,24.837135219473357
2022-09-05 15:39:36,8751,99.57783,16.019167,2022-09-05T15:39:34.619+0100,True,18,Yes,23.2123099108363
2022-09-05 15:39:37,1576194,99.57783,16.019167,2022-09-05T15:39:34.619+0100,True,18,Yes,23.2123099108363
2022-09-05 15:39:38,4547858,99.5902,16.009544,2022-09-05T15:39:36.627+0100,True,18,Yes,23.22765464821138
2022-09-05 15:39:39,5500,99.5902,16.009544,2022-09-05T15:39:36.627+0100,True,18,Yes,23.22765464821138
2022-09-05 15:39:40,8699,99.60658,15.995874,2022-09-05T15:39:38.630+0100,True,18,Yes,23.248383327279246
2022-09-05 15:39:41,5448,99.60658,15.995874,2022-09-05T15:39:38.630+0100,True,18,Yes,23.248383327279246
2022-09-05 15:39:42,8752,99.622955,15.982247,2022-09-05T15:39:40.659+0100,True,18,Yes,23.26908964656233
2022-09-05 15:39:43,5552,99.622955,15.982247,2022-09-05T15:39:40.659+0100,True,18,Yes,23.26908964656233
2022-09-05 15:39:44,8802,98.3893,16.801933,2022-09-05T15:39:42.739+0100,True,18,Yes,21.80120877875741
2022-09-05 15:39:45,5537,98.3893,16.801933,2022-09-05T15:39:42.739+0100,True,18,Yes,21.80120877875741
2022-09-05 15:39:46,8698,97.15565,17.22957,2022-09-05T15:39:44.754+0100,True,18,Yes,20.504615725796953
2022-09-05 15:39:47,5500,97.15565,17.22957,2022-09-05T15:39:44.754+0100,True,18,Yes,20.504615725796953
2022-09-05 15:39:48,5881788,95.56287,18.830603,2022-09-05T15:39:46.780+0100,True,18,Yes,18.384840578634048
2022-09-05 15:39:49,253273,95.56287,18.830603,2022-09-05T15:39:46.780+0100,True,18,Yes,18.384840578634048
2022-09-05 15:39:50,8699,92.36604,20.825186,2022-09-05T15:39:48.796+0100,True,18,Yes,14.664843561646196
2022-09-05 15:39:51,5448,92.36604,20.825186,2022-09-05T15:39:48.796+0100,True,18,Yes,14.664843561646196
2022-09-05 15:39:52,8700,89.590126,21.998625,2022-09-05T15:39:50.812+0100,True,18,Yes,11.651955772752524
2022-09-05 15:39:54,9064,89.187195,21.592867,2022-09-05T15:39:52.820+0100,True,18,Yes,11.436734150833182
2022-09-05 15:39:54,8648,89.187195,21.592867,2022-09-05T15:39:52.820+0100,True,18,Yes,11.436734150833182
2022-09-05 15:39:55,5448,89.187195,21.592867,2022-09-05T15:39:52.820+0100,True,18,Yes,11.436734150833182
2022-09-05 15:39:56,9158,87.97808,21.594282,2022-09-05T15:39:54.884+0100,True,18,Yes,10.343323705185101
2022-09-05 15:39:57,5500,87.97808,21.594282,2022-09-05T15:39:54.884+0100,True,18,Yes,10.343323705185101
2022-09-05 15:39:58,8751,84.37288,23.214525,2022-09-05T15:39:56.946+0100,True,18,Yes,6.397010326427879
2022-09-05 15:39:59,5396,84.37288,23.214525,2022-09-05T15:39:56.946+0100,True,18,Yes,6.397010326427879
2022-09-05 15:40:00,8750,82.35513,24.43722,2022-09-05T15:39:58.958+0100,True,18,Yes,4.042560865453975
